tweets,favorites,followers,friends,listed,fav,rt
583026,487433,1862,304,248,0,30
6596,10406,137,166,10,5,0
52636,16900,1374,982,60,1,0
11250,10479,464,534,18,0,0
583026,487433,1862,304,248,0,23
583026,487433,1862,304,248,0,42
7459,2345,151,530,4,2,0
16882,3578,852,408,9,8,0
454,216,119,128,0,0,42
36202,11293,721,162,34,2,1
583026,487433,1862,304,248,0,95
272270,53285,15453,7516,440,3,0
1850,3337,150,244,6,2,0
583026,487433,1862,304,248,0,18
29111,32401,3152,3457,85,4,0
1645,3218,98,219,5,8,1
19949,21550,718,767,76,5,0
21899,11570,609,1003,29,0,1
260014,105022,4065,1442,107,0,2
45483,27751,4596,2665,175,3,0
41856,42865,3033,2867,26,1,0
583026,487433,1862,304,248,0,38
260353,34675,5167,5601,188,2,1
66655,66919,789,585,44,1,0
79950,103268,856,4154,20,2,0
583026,487433,1862,304,248,0,46
10323,36127,658,686,21,5,2
1517,7601,487,767,1,4,0
8637,3986,113,69,2,14,1
4173,13887,1203,1178,4,2,1
583026,487433,1862,304,248,0,21
47,110,315,20,7,0,4
35757,55651,621,971,18,0,1
583026,487433,1862,304,248,0,18
1943,4171,176,668,4,5,1
23903,33319,205,666,17,0,42
6185,3838,152,259,2,2,0
45326,37179,3560,5001,115,0,1
4014,5619,163,209,1,0,30
4526,25735,109,226,8,0,42
14737,2140,369,257,7,3,0
4194,1306,1649,2479,37,1,0
73350,124142,1984,3026,81,3,0
4306,1098,54,452,2,1,0
41856,42865,3033,2867,26,2,0
4419,2113,5058,1162,86,0,1
29111,32401,3152,3457,85,2,0
16882,3578,852,408,9,3,0
4587,1856,47,209,1,4,1
10808,16683,290,172,10,0,0
40749,45203,631,900,48,0,95
2487,3007,24,159,9,1,0
35757,55651,621,971,18,0,1
1099,5198,257,670,1,0,42
2301,16,21,55,0,0,2
29240,232,464,219,10,0,42
21899,11570,609,1003,29,5,0
872153,78090,129682,1187,339,0,54
527,247,95,168,0,0,95
147277,824,1243,1906,117,3,0
4628,12852,504,1182,18,6,0
17436,5011,6173,6510,147,0,42
255284,69337,2411,3133,110,1,0
161036,7039,4693,674,86,0,42
76709,42361,948,2369,52,0,0
40749,45203,631,900,48,0,54
35757,55651,621,971,18,0,42
9183,9379,288,129,16,2,0
227470,63120,16452,1000,1286,0,42
1517,7601,487,767,1,1,0
22386,9796,897,759,60,2,0
16882,3578,852,408,9,5,0
4587,1856,47,209,1,2,0
2301,16,21,55,0,1,0
7459,2345,151,530,4,1,0
45750,525,168,134,17,1,0
10323,36127,658,686,21,0,42
18139,30872,395,290,21,0,42
6202,3198,370,721,38,0,30
272270,53285,15453,7516,440,0,0
5605,2604,68,127,5,0,0
7140,10145,205,996,1,0,42
27679,13979,790,1096,35,0,42
41584,29465,900,593,36,0,1
3791,1548,4291,4113,78,0,20
8637,3986,113,69,2,0,42
161036,7039,4693,674,86,4,0
18139,30872,395,290,21,3,0
8637,3986,113,69,2,4,0
6185,3838,152,259,2,1,0
13713,20388,446,1054,71,12,1
9060,3580,62883,565,363,279,42
9060,3580,62883,565,363,2,0
272270,53285,15453,7516,440,3,0
79950,103268,856,4154,20,2,0
260353,34675,5167,5601,188,1,1
16882,3578,852,408,9,3,0
4306,1098,54,452,2,1,0
54372,2458,846,2191,60,1,0
1320,18175,64,233,2,0,54
5589,24,587,326,25,1,0
10323,36127,658,686,21,3,0
45326,37179,3560,5001,115,4,0
1094,4764,334,106,5,0,1
5210,10685,1779,1432,49,10,1
504,604,49,151,1,2,0
1943,4171,176,668,4,2,0
260353,34675,5167,5601,188,2,0
9376,8579,8013,143,139,0,54
11731,1,353,1,6,0,2
21899,11570,609,1003,29,2,0
17756,14361,885,1255,70,3,0
147277,824,1243,1906,117,7,1
34724,33580,996,832,41,0,54
66655,66919,789,585,44,0,2
15964,890,66,106,4,0,1
4302,1543,142,30,6,14,1
66655,66919,789,585,44,0,1
6202,3198,370,721,38,0,54
8637,3986,113,69,2,0,1
41584,29465,900,593,36,3,0
11250,10479,464,534,18,2,0
66655,66919,789,585,44,0,1
14737,2140,369,257,7,2,0
1517,7601,487,767,1,0,1
66655,66919,789,585,44,0,2
22895,11795,62,341,7,1,0
4173,13887,1203,1178,4,0,3
2301,16,21,55,0,0,1
131445,100710,1580,547,50,0,2
35757,55651,621,971,18,0,1
18956,10912,544,739,13,8,1
35757,55651,621,971,18,0,2
66655,66919,789,585,44,0,1
231339,17177,4947,3834,389,4,0
260353,34675,5167,5601,188,1,0
16882,3578,852,408,9,8,1
76709,42361,948,2369,52,1,0
66655,66919,789,585,44,0,54
3769,148,94,198,1,0,30
11250,10479,464,534,18,2,0
34712,6011,3551,746,205,3,0
9060,3580,62883,565,363,2,0
66655,66919,789,585,44,0,1
1869,2695,40,71,0,1,0
35565,7295,1312,589,83,7,2
20544,54013,177,97,22,0,0
3769,148,94,198,1,0,21
12072,1143,391,727,20,0,14
4628,12852,504,1182,18,3,2
6185,3838,152,259,2,4,0
1976,1009,119,156,8,0,0
6093,21061,167,384,7,0,2
5889,11208,352,3166,2,0,1
4841,9644,245,387,7,7,2
2305,5133,36,149,3,3,0
98296,2324,1075,917,69,1,0
66655,66919,789,585,44,0,2
80500,16227,1779,3449,431,1,0
2018,6545,977,576,3,7,1
6292,20229,916,1023,42,1,0
30506,648,562,459,14,0,3
20597,66653,1306,1345,41,2,0
5889,11208,352,3166,2,0,1
21899,11570,609,1003,29,1,0
1828,2152,40,173,0,0,54
369023,59440,2163,1386,208,3,0
66655,66919,789,585,44,0,2
778,831,88,95,1,0,95
35757,55651,621,971,18,0,1
3769,148,94,198,1,0,95
8536,16055,344,907,14,0,0
35757,55651,621,971,18,0,3
2268,3718,63,434,3,5,0
6093,21061,167,384,7,0,54
18310,47164,194,448,9,0,54
3769,148,94,198,1,0,54
12667,268231,601,155,24,0,4
147277,824,1243,1906,117,0,4
30355,71604,440,970,52,0,1
131445,100710,1580,547,50,0,1
66655,66919,789,585,44,0,1
45326,37179,3560,5001,115,0,4
6202,3198,370,721,38,0,0
9060,3580,62883,565,363,6,0
4194,1306,1649,2479,37,2,0
35757,55651,621,971,18,1,0
41584,29465,900,593,36,0,4
52636,16900,1374,982,60,7,0
20544,54013,177,97,22,7,3
7853,1574,64,118,4,0,3
13713,20388,446,1054,71,4,1
245,1301,199,566,1,0,95
2301,16,21,55,0,0,2
260353,34675,5167,5601,188,4,0
167,1030,18,116,0,0,30
21899,11570,609,1003,29,0,1
231339,17177,4947,3834,389,3,0
91143,16167,36597,4039,1057,6,0
131445,100710,1580,547,50,0,2
4194,1306,1649,2479,37,6,1
6596,10406,137,166,10,5,1
66655,66919,789,585,44,2,0
19949,21550,718,767,76,7,1
22386,9796,897,759,60,9,0
45750,525,168,134,17,5,0
272270,53285,15453,7516,440,0,1
153740,100053,1857,3096,387,0,54
29111,32401,3152,3457,85,4,1
31232,90,205,256,11,5,0
272270,53285,15453,7516,440,6,0
16882,3578,852,408,9,5,0
21899,11570,609,1003,29,4,1
6292,20229,916,1023,42,0,54
20182,15442,375,115,9,5,0
6156,2960,61,299,2,2,0
149164,109563,1182,259,69,0,54
6202,3198,370,721,38,1,0
1850,3337,150,244,6,3,0
73350,124142,1984,3026,81,8,4
8637,3986,113,69,2,3,0
211,686,30,112,0,0,46
4587,1856,47,209,1,2,0
6643,6987,323,1349,1,4,0
36202,11293,721,162,34,5,0
6083,60286,662,681,15,7,0
4766,14179,412,413,10,5,0
13713,20388,446,1054,71,2,0
2301,16,21,55,0,1,0
4587,1856,47,209,1,2,0
20597,66653,1306,1345,41,2,0
45326,37179,3560,5001,115,3,1
44895,660,877,617,3,0,1
380,455,23,33,0,3,0
44895,660,877,617,3,0,1
35757,55651,621,971,18,0,0
4306,1098,54,452,2,1,0
14737,2140,369,257,7,3,0
13391,23622,213,185,0,1,0
79950,103268,856,4154,20,4,0
3617,32,523,83,9,2,0
45851,27789,893,2786,34,0,0
107140,7608,741,858,17,0,0
260353,34675,5167,5601,188,2,0
5449,2748,1430,744,28,2,0
7459,2345,151,530,4,1,0
161036,7039,4693,674,86,0,0
147277,824,1243,1906,117,1,0
18956,10912,544,739,13,4,0
3378,2277,206,679,29,0,0
22789,18184,737,310,18,4,1
30355,71604,440,970,52,1,2
41584,29465,900,593,36,3,2
4587,1856,47,209,1,0,0
2487,3007,24,159,9,3,0
13713,20388,446,1054,71,1,0
3410,3596,2634,340,19,1,0
35565,7295,1312,589,83,0,0
28316,6303,194,468,24,0,54
1315,2387,96,123,3,7,0
33468,77660,953,768,33,1,0
6596,10406,137,166,10,0,0
36202,11293,721,162,34,0,2
16882,3578,852,408,9,2,0
1474,2069,441,495,16,0,95
18956,10912,544,739,13,5,0
36202,11293,721,162,34,0,4
161036,7039,4693,674,86,0,54
5605,2604,68,127,5,2,0
4194,1306,1649,2479,37,0,0
13713,20388,446,1054,71,1,0
1094,4764,334,106,5,0,4
2018,6545,977,576,3,2,0
21899,11570,609,1003,29,2,1
4587,1856,47,209,1,2,0
1869,2695,40,71,0,2,0
66655,66919,789,585,44,2,0
1966,503,33,111,0,1,0
15998,13280,751,759,41,3,0
131445,100710,1580,547,50,1,0
45326,37179,3560,5001,115,0,1
2266,7512,201,244,7,0,23
3617,32,523,83,9,1,0
4306,1098,54,452,2,3,0
79950,103268,856,4154,20,2,0
2301,16,21,55,0,0,14
3507,1482,330,1014,39,0,95
272270,53285,15453,7516,440,3,0
9774,1185,112,719,1,2,0
380,455,23,33,0,1,0
787,759,31,264,2,0,14
3933,4596,1402,454,34,0,14
12866,6003,209,552,14,1,0
26206,4237,457,415,18,0,4
1976,1009,119,156,8,1,0
45326,37179,3560,5001,115,1,0
29111,32401,3152,3457,85,1,0
6304,4566,177,469,4,0,1
8068,10785,167,148,46,0,54
4526,11593,252,344,2,2,0
10323,36127,658,686,21,5,0
5449,2748,1430,744,28,1,0
18139,30872,395,290,21,1,0
75351,52785,1247,4946,26,0,54
45851,27789,893,2786,34,0,0
6185,3838,152,259,2,2,1
41584,29465,900,593,36,1,1
52636,16900,1374,982,60,0,0
1233,7302,28,248,0,0,0
260353,34675,5167,5601,188,2,0
16882,3578,852,408,9,0,0
11250,10479,464,534,18,0,0
7775,8650,3989,348,198,18,2
22,33,5,78,0,1,0
7775,8650,3989,348,198,18,4
92456,5256,792,314,77,3,0
10862,21383,42,104,4,0,0
4766,14179,412,413,10,0,0
13713,20388,446,1054,71,0,0
3507,1482,330,1014,39,0,54
9186,27643,123,1123,10,0,0
8637,3986,113,69,2,1,0
4419,2113,5058,1162,86,0,2
35757,55651,621,971,18,1,0
1820,7342,104,332,1,0,54
79950,103268,856,4154,20,0,0
21899,11570,609,1003,29,1,1
14109,31951,106,310,2,0,0
1315,2387,96,123,3,5,0
75262,591,569,213,41,0,0
17436,5011,6173,6510,147,0,54
272270,53285,15453,7516,440,1,0
9060,3580,62883,565,363,2,0
7753,6106,33940,669,570,0,4
147277,824,1243,1906,117,0,0
8068,10785,167,148,46,0,30
1645,3218,98,219,5,1,0
34712,6011,3551,746,205,2,0
18576,48103,2035,1944,11,1,0
147277,824,1243,1906,117,0,0
2487,3007,24,159,9,0,0
239817,9690,292,359,18,0,54
36202,11293,721,162,34,0,0
22085,6409,853,1815,10,1,0
3617,32,523,83,9,0,0
29111,32401,3152,3457,85,4,0
239826,5750,11760,199,409,6,0
7459,2345,151,530,4,0,0
227470,63120,16452,1000,1286,0,54
4174,12274,394,164,14,0,0
34712,6011,3551,746,205,0,0
787,759,31,264,2,0,54
18956,10912,544,739,13,0,1
7140,10145,205,996,1,0,54
20544,54013,177,97,22,1,0
8637,3986,113,69,2,0,54
52636,16900,1374,982,60,5,0
211,686,30,112,0,0,112
27679,13979,790,1096,35,0,54
8068,10785,167,148,46,0,43
51080,14525,1576,2362,283,0,11
6304,4566,177,469,4,0,1
9060,3580,62883,565,363,265,54
16882,3578,852,408,9,2,0
1094,4764,334,106,5,9,0
10323,36127,658,686,21,5,0
693,1921,22,66,1,0,0
1976,1009,119,156,8,9,2
30355,71604,440,970,52,1,0
6304,4566,177,469,4,0,1
45326,37179,3560,5001,115,1,0
41584,29465,900,593,36,2,1
40166,61614,503,642,5,0,95
7853,1574,64,118,4,0,137
272270,53285,15453,7516,440,1,0
4841,9644,245,387,7,4,1
4306,1098,54,452,2,2,0
8637,3986,113,69,2,0,0
260353,34675,5167,5601,188,10,2
260014,105022,4065,1442,107,5,0
20182,15442,375,115,9,2,0
4922,11,39,8,64,0,0
44895,660,877,617,3,0,1
51879,12296,270,1151,28,2,0
7459,2345,151,530,4,3,0
2301,16,21,55,0,1,0
52636,16900,1374,982,60,3,0
14737,2140,369,257,7,1,0
16882,3578,852,408,9,4,0
79950,103268,856,4154,20,0,0
41584,29465,900,593,36,0,2
20544,54013,177,97,22,1,0
21899,11570,609,1003,29,2,1
19949,21550,718,767,76,0,0
1943,4171,176,668,4,0,0
4306,1098,54,452,2,1,0
167,1030,18,116,0,0,23
19949,21550,718,767,76,3,2
4526,25735,109,226,8,0,0
35565,7295,1312,589,83,0,0
2487,3007,24,159,9,2,0
9186,27643,123,1123,10,1,0
2301,16,21,55,0,1,0
22085,6409,853,1815,10,1,0
29111,32401,3152,3457,85,0,0
260014,105022,4065,1442,107,1,0
3630,5572,107,398,1,1,0
9060,3580,62883,565,363,2,1
14109,31951,106,310,2,0,0
1645,3218,98,219,5,1,0
5605,2604,68,127,5,0,0
260353,34675,5167,5601,188,1,0
147277,824,1243,1906,117,0,0
728,83,83,295,1,0,71
3378,2277,206,679,29,0,0
92456,5256,792,314,77,0,0
4587,1856,47,209,1,0,0
23903,33319,205,666,17,0,14
22,33,5,78,0,0,0
19949,21550,718,767,76,0,0
73350,124142,1984,3026,81,3,0
4844,164,361,872,7,1,1
3129,9926,41264,249,264,0,14
34712,6011,3551,746,205,3,1
36202,11293,721,162,34,1,0
52636,16900,1374,982,60,0,14
48527,9505,593,768,42,1,0
24325,6339,4972,506,50,0,0
260353,34675,5167,5601,188,2,0
4306,1098,54,452,2,0,0
1478,2987,22,218,1,0,0
11250,10479,464,534,18,0,0
8536,16055,344,907,14,0,0
8637,3986,113,69,2,1,0
4419,2113,5058,1162,86,0,14
5230,1014,90,341,4,0,1
19740,1174,228,371,2,0,95
1094,4764,334,106,5,0,14
4002,5278,418,321,2,1,0
35757,55651,621,971,18,0,1
5230,1014,90,341,4,0,1
36202,11293,721,162,34,0,14
2305,5133,36,149,3,10,0
3630,5572,107,398,1,0,0
37866,18444,414,292,4,0,3
2301,16,21,55,0,0,0
1315,2387,96,123,3,1,0
35757,55651,621,971,18,0,3
260353,34675,5167,5601,188,2,0
7775,8650,3989,348,198,59,14
7775,8650,3989,348,198,16,0
231339,17177,4947,3834,389,2,0
19740,1174,228,371,2,0,0
35757,55651,621,971,18,0,1
41584,29465,900,593,36,0,1
5449,2748,1430,744,28,1,0
394,1261,13,237,0,0,2
54372,2458,846,2191,60,0,0
2301,16,21,55,0,1,0
50688,6811,1667,1554,112,0,0
22789,18184,737,310,18,3,0
10669,8825,644,536,1,0,9
454,216,119,128,0,0,95
3470,651,2009,3136,59,4,1
1976,1009,119,156,8,3,1
9060,3580,62883,565,363,4,3
26001,21188,1153,4994,139,0,18
4841,9644,245,387,7,6,1
5605,2604,68,127,5,2,0
25760,511,200,372,10,1,0
35565,7295,1312,589,83,1,1
10669,8825,644,536,1,0,1
6292,20229,916,1023,42,2,1
4766,14179,412,413,10,1,0
66655,66919,789,585,44,1,0
260353,34675,5167,5601,188,1,0
1820,7342,104,332,1,1,0
30355,71604,440,970,52,0,0
26001,21188,1153,4994,139,0,21
3507,1482,330,1014,39,0,30
29143,29676,1826,2568,56,0,42
394,1261,13,237,0,0,95
1380,1698,31,278,0,0,95
26001,21188,1153,4994,139,0,30
121080,2708,859,523,37,0,0
20544,54013,177,97,22,0,0
131445,100710,1580,547,50,0,23
4587,1856,47,209,1,0,0
4173,13887,1203,1178,4,1,0
14490,19744,791,790,20,2,0
29143,29676,1826,2568,56,1,0
3129,9926,41264,249,264,0,9
2018,6545,977,576,3,3,0
33468,77660,953,768,33,1,0
45326,37179,3560,5001,115,4,0
1869,2695,40,71,0,1,0
1943,4171,176,668,4,1,0
787,759,31,264,2,0,30
28316,6303,194,468,24,0,30
6292,20229,916,1023,42,0,30
73350,124142,1984,3026,81,2,0
98418,94338,842,1287,58,0,0
491673,290292,56262,59719,1324,0,51
272270,53285,15453,7516,440,2,0
9060,3580,62883,565,363,5,0
4628,12852,504,1182,18,4,0
52636,16900,1374,982,60,1,0
604,333,28,210,5,1,0
4439,245,88,109,11,2,0
3978,1500,136,157,9,7,0
10183,45886,404,820,9,1,0
26001,21188,1153,4994,139,0,20
1966,503,33,111,0,1,0
13287,7730,216,569,5,0,38
18956,10912,544,739,13,3,0
15402,31291,447,440,19,1,0
12062,29788,324,624,1,0,0
51879,12296,270,1151,28,1,0
25760,511,200,372,10,0,30
26001,21188,1153,4994,139,0,23
35757,55651,621,971,18,0,1
8536,16055,344,907,14,2,0
1850,3337,150,244,6,3,0
25760,511,200,372,10,0,23
26001,21188,1153,4994,139,0,46
37866,18444,414,292,4,0,0
7140,10145,205,996,1,0,30
33468,77660,953,768,33,0,30
161036,7039,4693,674,86,2,0
1264,1503,69,412,4,1,0
26001,21188,1153,4994,139,0,38
4194,1306,1649,2479,37,0,0
8637,3986,113,69,2,2,0
20182,15442,375,115,9,1,0
76709,42361,948,2369,52,2,0
107049,2019,2244,852,81,0,0
149164,109563,1182,259,69,1,0
16842,28203,243,1616,53,1,0
18956,10912,544,739,13,4,0
414416,27208,2017,817,168,1,0
41584,29465,900,593,36,1,0
107140,7608,741,858,17,0,0
26001,21188,1153,4994,139,0,43
380,455,23,33,0,0,1
26001,21188,1153,4994,139,0,95
91143,16167,36597,4039,1057,9,1
6156,2960,61,299,2,1,0
4922,11,39,8,64,0,0
26001,21188,1153,4994,139,0,42
3617,32,523,83,9,6,0
272270,53285,15453,7516,440,0,0
260014,105022,4065,1442,107,6,0
5605,2604,68,127,5,1,0
21899,11570,609,1003,29,2,0
45326,37179,3560,5001,115,2,0
18139,30872,395,290,21,3,0
4306,1098,54,452,2,5,0
34712,6011,3551,746,205,0,1
2487,3007,24,159,9,6,0
260353,34675,5167,5601,188,1,0
10323,36127,658,686,21,0,71
147277,824,1243,1906,117,8,0
15998,13280,751,759,41,2,0
14737,2140,369,257,7,6,0
79950,103268,856,4154,20,2,0
17436,5011,6173,6510,147,0,30
8637,3986,113,69,2,10,0
16882,3578,852,408,9,3,0
6185,3838,152,259,2,1,0
272270,53285,15453,7516,440,0,0
380,455,23,33,0,1,0
991,1945,203,143,0,2,0
52636,16900,1374,982,60,17,0
34436,912,288,319,15,0,0
1943,4171,176,668,4,2,0
21899,11570,609,1003,29,0,1
18956,10912,544,739,13,0,1
10323,36127,658,686,21,4,0
872153,78090,129682,1187,339,0,30
19949,21550,718,767,76,1,0
22085,6409,853,1815,10,8,1
872153,78090,129682,1187,339,0,23
57857,57503,769,723,39,0,30
45750,525,168,134,17,3,0
29111,32401,3152,3457,85,1,0
1016,567,37,88,3,1,0
21899,11570,609,1003,29,3,0
260353,34675,5167,5601,188,4,0
79950,103268,856,4154,20,1,0
36202,11293,721,162,34,0,30
76709,42361,948,2369,52,3,0
26054,77411,718,3621,33,0,0
11500,544,2931,2020,30,0,30
14737,2140,369,257,7,7,1
18956,10912,544,739,13,5,0
20182,15442,375,115,9,2,0
27679,13979,790,1096,35,0,30
19949,21550,718,767,76,0,0
8996,12918,385,226,0,0,30
7459,2345,151,530,4,0,0
260014,105022,4065,1442,107,3,0
34712,6011,3551,746,205,0,71
1645,3218,98,219,5,5,1
9060,3580,62883,565,363,147,30
147277,824,1243,1906,117,1,0
79950,103268,856,4154,20,1,0
1517,7601,487,767,1,0,1
8637,3986,113,69,2,3,0
18139,30872,395,290,21,1,0
3744,1582,19,2,0,0,0
76709,42361,948,2369,52,0,0
4194,1306,1649,2479,37,1,0
9376,8579,8013,143,139,0,1
1315,2387,96,123,3,5,1
239826,5750,11760,199,409,4,0
3507,1482,330,1014,39,0,23
4306,1098,54,452,2,0,0
260014,105022,4065,1442,107,1,0
24092,1281,152,266,9,2,0
16882,3578,852,408,9,3,0
9376,8579,8013,143,139,0,23
36202,11293,721,162,34,0,9
10323,36127,658,686,21,0,9
9376,8579,8013,143,139,0,95
75351,52785,1247,4946,26,0,7
1320,493,92,423,0,0,23
260353,34675,5167,5601,188,2,0
18111,11771,398,1374,4,0,38
9376,8579,8013,143,139,0,42
36202,11293,721,162,34,0,23
19949,21550,718,767,76,3,0
8637,3986,113,69,2,0,23
73350,124142,1984,3026,81,0,7
17436,5011,6173,6510,147,0,23
8895,6286,495,816,14,0,0
45326,37179,3560,5001,115,1,1
467,1207,11,78,0,0,3
8996,12918,385,226,0,0,23
13713,20388,446,1054,71,0,0
27679,13979,790,1096,35,0,23
21899,11570,609,1003,29,2,0
7775,8650,3989,348,198,44,9
9060,3580,62883,565,363,164,23
18956,10912,544,739,13,3,0
4194,1306,1649,2479,37,0,0
2018,6545,977,576,3,1,0
10183,45886,404,820,9,0,95
1315,2387,96,123,3,3,0
9060,3580,62883,565,363,4,1
45326,37179,3560,5001,115,0,1
4306,1098,54,452,2,0,0
66655,66919,789,585,44,0,0
16882,3578,852,408,9,5,0
14737,2140,369,257,7,0,0
5605,2604,68,127,5,0,0
50871,1174,276,973,49,0,5
7459,2345,151,530,4,1,0
1943,4171,176,668,4,1,0
2487,3007,24,159,9,0,0
73350,124142,1984,3026,81,0,2
20544,54013,177,97,22,0,0
1976,1009,119,156,8,1,0
29111,32401,3152,3457,85,0,0
21899,11570,609,1003,29,1,1
35757,55651,621,971,18,0,1
92456,5256,792,314,77,7,1
25760,511,200,372,10,0,0
30355,71604,440,970,52,1,0
76709,42361,948,2369,52,2,1
3507,1482,330,1014,39,1,0
79950,103268,856,4154,20,1,0
41584,29465,900,593,36,2,0
3243,18668,157,144,6,1,0
932,1276,33,136,0,0,0
52636,16900,1374,982,60,5,0
260014,105022,4065,1442,107,2,0
18956,10912,544,739,13,6,0
260353,34675,5167,5601,188,1,0
16882,3578,852,408,9,4,0
4306,1098,54,452,2,0,0
30355,71604,440,970,52,1,0
73350,124142,1984,3026,81,11,4
10943,571,361,529,13,1,0
184621,967,945,556,42,2,0
20182,15442,375,115,9,2,0
4105,26499,354,2015,4,0,42
12387,6497,167,768,12,1,0
33201,102475,735,701,31,6,1
3129,9926,41264,249,264,0,7
5605,2604,68,127,5,1,0
34712,6011,3551,746,205,4,1
186,132,22,80,0,0,0
21899,11570,609,1003,29,0,0
8637,3986,113,69,2,1,0
29111,32401,3152,3457,85,0,0
45326,37179,3560,5001,115,3,0
45750,525,168,134,17,0,0
9023,1056,479,669,40,0,0
260014,105022,4065,1442,107,2,0
4766,14179,412,413,10,1,0
260353,34675,5167,5601,188,2,0
724,1462,83,366,0,1,0
3243,18668,157,144,6,0,0
5940,8620,753,1994,9,0,0
131445,100710,1580,547,50,0,95
79950,103268,856,4154,20,1,0
272270,53285,15453,7516,440,0,0
76709,42361,948,2369,52,1,0
34436,912,288,319,15,0,0
16882,3578,852,408,9,11,0
9060,3580,62883,565,363,2,0
13411,39566,5053,5062,36,1,0
13713,20388,446,1054,71,0,0
4371,2353,27,162,2,0,38
48,72,8,31,0,0,42
1850,3337,150,244,6,2,0
7459,2345,151,530,4,0,0
4306,1098,54,452,2,1,0
23903,33319,205,666,17,0,7
36202,11293,721,162,34,0,7
66655,66919,789,585,44,1,1
4766,14179,412,413,10,1,0
15039,3607,15854,1664,26,0,38
260353,34675,5167,5601,188,2,0
4419,2113,5058,1162,86,39,7
41584,29465,900,593,36,0,0
15039,3607,15854,1664,26,2,0
6093,21061,167,384,7,0,42
2305,5133,36,149,3,0,0
4371,2353,27,162,2,0,95
9023,1056,479,669,40,1,0
121,20430,221,133,4,0,95
14737,2140,369,257,7,0,0
18956,10912,544,739,13,0,2
11182,2887,407,658,21,0,95
991,1945,203,143,0,5,0
6093,21061,167,384,7,0,0
45326,37179,3560,5001,115,1,0
12815,3436,240,391,18,0,38
44149,20302,1807,1654,37,0,2
467,1207,11,78,0,0,0
6185,3838,152,259,2,0,0
389,816,47,269,1,3,0
2301,16,21,55,0,0,0
4173,13887,1203,1178,4,0,0
2865,6289,1411,134,19,8,0
5589,24,587,326,25,2,0
260353,34675,5167,5601,188,1,0
73350,124142,1984,3026,81,2,0
54372,2458,846,2191,60,0,0
255284,69337,2411,3133,110,0,95
8637,3986,113,69,2,5,0
3227,5366,149,312,3,0,1
26509,86059,183,656,10,0,4
50688,6811,1667,1554,112,4,0
1099,5198,257,670,1,0,95
197,1248,10,95,0,0,0
7775,8650,3989,348,198,19,1
7775,8650,3989,348,198,2,0
4306,1098,54,452,2,3,0
14737,2140,369,257,7,0,0
2301,16,21,55,0,0,1
3617,32,523,83,9,3,0
21899,11570,609,1003,29,2,0
12815,3436,240,391,18,0,95
6292,20229,916,1023,42,0,0
12815,3436,240,391,18,0,43
1976,1009,119,156,8,2,0
6156,2960,61,299,2,1,0
30355,71604,440,970,52,4,0
14490,19744,791,790,20,2,0
15998,13280,751,759,41,2,0
36202,11293,721,162,34,1,0
906,28,7,20,2,2,0
321,6664,20,76,1,2,0
1850,3337,150,244,6,3,0
724,1462,83,366,0,4,0
260353,34675,5167,5601,188,1,0
1943,4171,176,668,4,44,9
33468,77660,953,768,33,3,0
3227,5366,149,312,3,0,42
11250,10479,464,534,18,2,0
6304,4566,177,469,4,6,0
8996,12918,385,226,0,0,42
2018,6545,977,576,3,1,0
35565,7295,1312,589,83,1,0
45326,37179,3560,5001,115,0,1
98418,94338,842,1287,58,0,42
4628,12852,504,1182,18,2,0
12815,3436,240,391,18,0,42
3129,9926,41264,249,264,0,3
16882,3578,852,408,9,4,0
25760,511,200,372,10,0,0
26054,77411,718,3621,33,0,0
149164,109563,1182,259,69,0,38
380,455,23,33,0,2,0
6093,21061,167,384,7,0,95
8996,12918,385,226,0,0,46
272270,53285,15453,7516,440,4,2
10183,45886,404,820,9,0,0
147277,824,1243,1906,117,0,0
52636,16900,1374,982,60,17,2
9060,3580,62883,565,363,0,1
4587,1856,47,209,1,1,0
8536,16055,344,907,14,3,0
3043,3363,175,527,1,0,95
22386,9796,897,759,60,1,0
4306,1098,54,452,2,0,0
12187,127718,1210,1356,27,1,0
10323,36127,658,686,21,0,0
133,51,15,83,0,0,95
4194,1306,1649,2479,37,0,0
24603,8708,470,262,25,0,0
6292,20229,916,1023,42,1,0
66655,66919,789,585,44,0,0
5605,2604,68,127,5,0,0
98418,94338,842,1287,58,0,95
4844,164,361,872,7,1,0
12667,268231,601,155,24,0,3
21899,11570,609,1003,29,1,0
1094,4764,334,106,5,0,95
8637,3986,113,69,2,5,0
45714,5150,704,1520,28,0,95
161036,7039,4693,674,86,3,0
41584,29465,900,593,36,3,0
48399,19,321,322,15,1,0
3630,5572,107,398,1,0,42
3507,1482,330,1014,39,0,42
17436,5011,6173,6510,147,0,42
25760,511,200,372,10,0,42
48311,10008,627,798,52,0,42
7140,10145,205,996,1,0,42
9594,48447,221,355,7,0,5
414416,27208,2017,817,168,1,0
31232,90,205,256,11,0,42
16842,28203,243,1616,53,1,0
22789,18184,737,310,18,2,0
787,759,31,264,2,1,0
25760,511,200,372,10,0,95
31232,90,205,256,11,0,95
1094,4764,334,106,5,3,0
18956,10912,544,739,13,2,0
24603,8708,470,262,25,1,0
260353,34675,5167,5601,188,3,1
16882,3578,852,408,9,3,0
8996,12918,385,226,0,0,38
35565,7295,1312,589,83,8,2
20544,54013,177,97,22,1,0
19949,21550,718,767,76,5,1
260014,105022,4065,1442,107,3,0
36202,11293,721,162,34,0,42
239826,5750,11760,199,409,3,0
76709,42361,948,2369,52,0,0
8996,12918,385,226,0,0,21
18980,14827,101,155,8,0,95
724,1462,83,366,0,3,0
272270,53285,15453,7516,440,1,0
20182,15442,375,115,9,1,0
14737,2140,369,257,7,1,0
9225,3017,680,197,10,0,0
36202,11293,721,162,34,1,0
27679,13979,790,1096,35,0,42
3147,1789,398,501,11,0,95
73350,124142,1984,3026,81,5,0
6156,2960,61,299,2,0,0
23903,33319,205,666,17,0,42
22085,6409,853,1815,10,0,0
7459,2345,151,530,4,0,0
8637,3986,113,69,2,0,42
79950,103268,856,4154,20,1,0
2301,16,21,55,0,1,0
4841,9644,245,387,7,5,0
389,816,47,269,1,0,42
4194,1306,1649,2479,37,0,0
27989,12593,1318,993,1,0,95
29111,32401,3152,3457,85,1,0
4526,25735,109,226,8,2,0
9060,3580,62883,565,363,220,42
16882,3578,852,408,9,17,3
7459,2345,151,530,4,2,0
76709,42361,948,2369,52,1,0
1645,3218,98,219,5,3,0
35757,55651,621,971,18,0,3
8637,3986,113,69,2,9,0
1850,3337,150,244,6,0,38
21899,11570,609,1003,29,2,0
260353,34675,5167,5601,188,1,0
12072,1143,391,727,20,13,3
1729,4435,402,2090,6,0,0
389,816,47,269,1,0,3
9060,3580,62883,565,363,2,0
1760,1913,157,374,2,0,95
45750,525,168,134,17,2,0
1976,1009,119,156,8,2,0
1398,1027,239,245,15,1,0
380,455,23,33,0,0,1
45326,37179,3560,5001,115,0,0
51879,12296,270,1151,28,1,0
18956,10912,544,739,13,0,0
4194,1306,1649,2479,37,1,0
1645,3218,98,219,5,12,0
8996,12918,385,226,0,0,95
724,1462,83,366,0,1,0
66655,66919,789,585,44,2,0
52636,16900,1374,982,60,8,3
1517,7601,487,767,1,0,95
36202,11293,721,162,34,0,95
16882,3578,852,408,9,1,0
12072,1143,391,727,20,0,95
28316,6303,194,468,24,0,95
260353,34675,5167,5601,188,2,0
4940,12000,278,1402,7,2,0
36202,11293,721,162,34,1,0
23903,33319,205,666,17,0,95
98418,94338,842,1287,58,0,0
15998,13280,751,759,41,3,0
19949,21550,718,767,76,1,0
98296,2324,1075,917,69,1,0
787,759,31,264,2,0,0
6596,10406,137,166,10,1,0
1517,7601,487,767,1,0,18
4250,9649,211,436,14,0,1
1315,2387,96,123,3,0,95
6185,3838,152,259,2,4,0
147277,824,1243,1906,117,2,0
29111,32401,3152,3457,85,0,0
8637,3986,113,69,2,0,5
9060,3580,62883,565,363,1,0
17436,5011,6173,6510,147,0,95
161036,7039,4693,674,86,0,95
45326,37179,3560,5001,115,0,1
8637,3986,113,69,2,0,95
272270,53285,15453,7516,440,2,0
75351,52785,1247,4946,26,0,95
10323,36127,658,686,21,1,0
7141,10145,205,996,1,0,95
260014,105022,4065,1442,107,1,0
23594,62056,670,2609,9,0,95
45750,525,168,134,17,1,0
27679,13979,790,1096,35,0,95
5732,152,246,269,4,1,0
18956,10912,544,739,13,0,5
8895,6286,495,816,14,1,0
14737,2140,369,257,7,4,1
6304,4566,177,469,4,0,4
5605,2604,68,127,5,0,0
16882,3578,852,408,9,0,0
22085,6409,853,1815,10,0,0
9060,3580,62883,565,363,306,95
6304,4566,177,469,4,0,1
260353,34675,5167,5601,188,2,1
27679,13979,790,1096,35,0,1
36202,11293,721,162,34,0,0
161036,7039,4693,674,86,1,0
52636,16900,1374,982,60,4,0
5940,8620,753,1994,9,1,0
4306,1098,54,452,2,1,0
3227,5366,149,312,3,1,1
30355,71604,440,970,52,0,0
7775,8650,3989,348,198,10,5
724,1462,83,366,0,2,0
8895,6286,495,816,14,0,0
23903,33319,205,666,17,0,4
16604,55577,486,114,5,0,0
8637,3986,113,69,2,1,0
16882,3578,852,408,9,3,0
4587,1856,47,209,1,0,0
79950,103268,856,4154,20,3,0
7459,2345,151,530,4,2,0
2301,16,21,55,0,0,0
4628,12852,504,1182,18,1,0
45326,37179,3560,5001,115,0,1
36202,11293,721,162,34,0,0
29111,32401,3152,3457,85,5,1
18139,30872,395,290,21,2,0
76709,42361,948,2369,52,0,0
272270,53285,15453,7516,440,0,0
380,455,23,33,0,0,0
12187,127718,1210,1356,27,1,0
3410,3596,2634,340,19,2,0
260353,34675,5167,5601,188,2,1
3630,5572,107,398,1,0,0
4306,1098,54,452,2,1,0
27679,13979,790,1096,35,0,4
75351,52785,1247,4946,26,0,4
98296,2324,1075,917,69,0,0
260014,105022,4065,1442,107,2,0
4468,4313,524,787,9,0,3
22,30,2,112,0,0,0
9060,3580,62883,565,363,3,0
1059,1937,74,91,0,1,0
1315,2387,96,123,3,0,1
4419,2113,5058,1162,86,48,4
12072,1143,391,727,20,0,7
66655,66919,789,585,44,0,1
1616,2153,46,564,1,2,0
35757,55651,621,971,18,0,0
18956,10912,544,739,13,4,1
66655,66919,789,585,44,0,4
25760,511,200,372,10,0,18
8895,6286,495,816,14,0,0
4173,13887,1203,1178,4,2,0
4844,164,361,872,7,1,0
8536,16055,344,907,14,0,0
2385,2798,399,785,2,0,1
45326,37179,3560,5001,115,0,3
4306,1098,54,452,2,0,0
1850,3337,150,244,6,1,0
34712,6011,3551,746,205,1,0
6292,20229,916,1023,42,0,2
66655,66919,789,585,44,0,1
17436,5011,6173,6510,147,0,18
272270,53285,15453,7516,440,1,0
260353,34675,5167,5601,188,1,0
2487,3007,24,159,9,0,0
66655,66919,789,585,44,0,2
4468,4313,524,787,9,0,1
66655,66919,789,585,44,0,1
872,1957,57,200,0,0,4
3520,900,257,362,10,1,0
872153,78090,129682,1187,339,0,0
41584,29465,900,593,36,0,137
35757,55651,621,971,18,0,1
3183,3790,178,244,27,11,1
6185,3838,152,259,2,0,0
14490,19744,791,790,20,2,0
763,1689,92,94,0,0,0
66655,66919,789,585,44,0,1
36202,11293,721,162,34,0,7
1094,4764,334,106,5,0,13
27679,13979,790,1096,35,0,18
66655,66919,789,585,44,0,1
1094,4764,334,106,5,0,1
3378,2277,206,679,29,2,0
20544,54013,177,97,22,4,0
36202,11293,721,162,34,0,18
872153,78090,129682,1187,339,0,20
45326,37179,3560,5001,115,0,1
3129,9926,41264,249,264,0,7
610,535,12,191,0,0,30
30355,71604,440,970,52,0,1
66655,66919,789,585,44,0,38
1850,3337,150,244,6,3,0
4587,1856,47,209,1,1,0
8536,16055,344,907,14,2,0
35565,7295,1312,589,83,0,0
73350,124142,1984,3026,81,5,1
4628,12852,504,1182,18,2,0
66655,66919,789,585,44,0,1
57819,36099,460,1788,65,0,0
3227,5366,149,312,3,0,4
17635,2867,618,667,33,1,0
9186,27643,123,1123,10,3,0
50688,6811,1667,1554,112,3,0
41584,29465,900,593,36,1,0
231339,17177,4947,3834,389,4,2
8895,6286,495,816,14,0,0
260353,34675,5167,5601,188,1,1
6292,20229,916,1023,42,0,0
4439,245,88,109,11,0,46
8637,3986,113,69,2,0,18
51879,12296,270,1151,28,0,0
66655,66919,789,585,44,0,3
18956,10912,544,739,13,4,0
3630,5572,107,398,1,0,0
389,816,47,269,1,0,4
66655,66919,789,585,44,0,46
4439,245,88,109,11,0,38
1976,1009,119,156,8,0,0
4302,1543,142,30,6,0,0
30355,71604,440,970,52,0,0
7775,8650,3989,348,198,33,7
9060,3580,62883,565,363,0,0
4841,9644,245,387,7,17,1
11250,10479,464,534,18,0,38
539,25,94,72,1,1,0
34712,6011,3551,746,205,3,1
54372,2458,846,2191,60,0,0
147277,824,1243,1906,117,0,0
9060,3580,62883,565,363,61,18
272270,53285,15453,7516,440,3,0
66655,66919,789,585,44,0,3
21899,11570,609,1003,29,0,0
466,909,83,528,3,0,137
4468,4313,524,787,9,0,1
991,1945,203,143,0,1,0
4306,1098,54,452,2,3,0
8895,6286,495,816,14,0,0
76709,42361,948,2369,52,3,0
260353,34675,5167,5601,188,2,0
1517,7601,487,767,1,0,38
7459,2345,151,530,4,1,0
4468,4313,524,787,9,0,7
1517,7601,487,767,1,9,4
147277,824,1243,1906,117,1,0
1760,1913,157,374,2,0,38
14737,2140,369,257,7,5,0
4468,4313,524,787,9,0,1
239826,5750,11760,199,409,2,0
1869,2695,40,71,0,3,0
41584,29465,900,593,36,0,3
26054,77411,718,3621,33,1,0
10323,36127,658,686,21,7,0
29111,32401,3152,3457,85,0,0
41917,14079,1117,1771,51,2,0
8895,6286,495,816,14,3,0
23435,2002,659,598,2,0,38
3227,5366,149,312,3,0,2
872153,78090,129682,1187,339,0,43
52636,16900,1374,982,60,4,0
1976,1009,119,156,8,0,0
34712,6011,3551,746,205,4,0
1850,3337,150,244,6,1,0
3227,5366,149,312,3,0,4
107049,2019,2244,852,81,0,0
8637,3986,113,69,2,19,2
22527,841,546,265,13,0,137
2219,2324,34,136,0,0,38
260353,34675,5167,5601,188,3,0
7471,4015,318,274,14,3,0
11167,17429,430,491,22,3,0
5605,2604,68,127,5,0,0
33083,20087,1491,1219,7,1,0
6185,3838,152,259,2,1,0
8491,4213,93,201,6,2,1
260353,34675,5167,5601,188,1,0
15998,13280,751,759,41,2,0
24990,15689,990,410,67,3,0
45326,37179,3560,5001,115,0,1
380,455,23,33,0,0,0
6596,10406,137,166,10,3,0
35565,7295,1312,589,83,0,0
872153,78090,129682,1187,339,0,12
45326,37179,3560,5001,115,0,1
872153,78090,129682,1187,339,0,30
19949,21550,718,767,76,1,0
7071,2920,377,578,34,7,0
14751,3433,152,255,2,0,0
872153,78090,129682,1187,339,0,18
2018,6545,977,576,3,2,0
2487,3007,24,159,9,0,0
1645,3218,98,219,5,1,0
22085,6409,853,1815,10,0,0
872153,78090,129682,1187,339,0,21
260353,34675,5167,5601,188,1,0
6304,4566,177,469,4,2,0
872153,78090,129682,1187,339,0,46
14185,7122,1607,651,25,0,38
272270,53285,15453,7516,440,0,0
4306,1098,54,452,2,0,0
872153,78090,129682,1187,339,0,38
76709,42361,948,2369,52,0,0
66655,66919,789,585,44,0,0
3227,5366,149,312,3,0,1
9186,27643,123,1123,10,0,0
73350,124142,1984,3026,81,1,1
15998,13280,751,759,41,6,3
20182,15442,375,115,9,0,0
45326,37179,3560,5001,115,1,0
20182,15442,375,115,9,0,0
41584,29465,900,593,36,1,1
12072,1143,391,727,20,2,0
19141,37739,2160,2668,70,0,515
21899,11570,609,1003,29,5,1
5724,5976,297,909,5,0,38
8895,6286,495,816,14,1,0
14737,2140,369,257,7,1,0
3227,5366,149,312,3,0,1
29111,32401,3152,3457,85,1,0
6213,6851,26,728,0,0,13
98296,2324,1075,917,69,1,0
9186,27643,123,1123,10,0,0
1943,4171,176,668,4,1,0
13411,39566,5053,5062,36,1,0
260353,34675,5167,5601,188,1,1
3101,2452,62,80,5,0,515
16882,3578,852,408,9,2,0
12187,127718,1210,1356,27,4,1
35565,7295,1312,589,83,0,0
161036,7039,4693,674,86,1,0
17414,9947,252,245,2,0,0
186,132,22,80,0,0,0
18232,30681,907,987,28,0,46
12062,29788,324,624,1,0,23
79950,103268,856,4154,20,0,0
87475,6269,420,305,22,0,0
5605,2604,68,127,5,0,0
18956,10912,544,739,13,0,38
19949,21550,718,767,76,2,1
6304,4566,177,469,4,0,0
36202,11293,721,162,34,0,5
2268,3718,63,434,3,0,0
4766,14179,412,413,10,2,0
18956,10912,544,739,13,0,5
23903,33319,205,666,17,0,38
1315,2387,96,123,3,0,38
4161,11338,731,680,7,0,137
45326,37179,3560,5001,115,1,0
18956,10912,544,739,13,2,0
8637,3986,113,69,2,1,0
4628,12852,504,1182,18,0,0
25760,511,200,372,10,0,0
7459,2345,151,530,4,1,0
23903,33319,205,666,17,0,4
4194,1306,1649,2479,37,0,0
17436,5011,6173,6510,147,0,38
9060,3580,62883,565,363,1,0
21899,11570,609,1003,29,1,1
41584,29465,900,593,36,0,3
260353,34675,5167,5601,188,0,0
52636,16900,1374,982,60,2,0
31232,90,205,256,11,0,38
12072,1143,391,727,20,1,0
14737,2140,369,257,7,0,38
34712,6011,3551,746,205,3,0
17557,34305,850,893,12,0,137
41917,14079,1117,1771,51,0,38
27679,13979,790,1096,35,0,38
10323,36127,658,686,21,0,5
27679,13979,790,1096,35,0,4
29111,32401,3152,3457,85,0,0
4306,1098,54,452,2,1,0
15998,13280,751,759,41,2,0
11250,10479,464,534,18,2,0
31232,90,205,256,11,3,0
20597,66653,1306,1345,41,0,137
1850,3337,150,244,6,2,0
8637,3986,113,69,2,0,38
738,4871,51,962,0,0,38
1645,3218,98,219,5,1,1
5210,10685,1779,1432,49,5,0
7775,8650,3989,348,198,10,5
16882,3578,852,408,9,3,0
1976,1009,119,156,8,1,0
2637,1473,58,157,2,0,0
9060,3580,62883,565,363,180,38
91143,16167,36597,4039,1057,8,0
1820,7342,104,332,1,0,0
147277,824,1243,1906,117,0,0
14737,2140,369,257,7,5,1
10323,36127,658,686,21,1,0
74922,93650,6038,3629,165,0,51
73350,124142,1984,3026,81,0,0
76709,42361,948,2369,52,0,0
1943,4171,176,668,4,0,0
260014,105022,4065,1442,107,2,0
272270,53285,15453,7516,440,0,0
7459,2345,151,530,4,1,0
41917,14079,1117,1771,51,1,1
260353,34675,5167,5601,188,1,0
4419,2113,5058,1162,86,48,4
2018,6545,977,576,3,1,0
2268,3718,63,434,3,2,0
52636,16900,1374,982,60,4,0
18956,10912,544,739,13,4,1
9183,9379,288,129,16,0,0
79950,103268,856,4154,20,0,0
19949,21550,718,767,76,6,2
10943,571,361,529,13,0,1
121535,50499,1105,2091,192,0,73
13476,2226,606,1511,2,3,3
121535,50499,1105,2091,192,0,137
4587,1856,47,209,1,1,0
4306,1098,54,452,2,0,0
121535,50499,1105,2091,192,0,20
98418,94338,842,1287,58,1,0
121535,50499,1105,2091,192,1,0
6596,10406,137,166,10,1,0
22085,6409,853,1815,10,0,0
121535,50499,1105,2091,192,0,43
260353,34675,5167,5601,188,0,0
184621,967,945,556,42,1,1
12072,1143,391,727,20,1,0
6185,3838,152,259,2,0,1
121535,50499,1105,2091,192,0,30
4526,25735,109,226,8,0,46
9376,8579,8013,143,139,0,16
121535,50499,1105,2091,192,0,18
22386,9796,897,759,60,1,1
9060,3580,62883,565,363,2,0
121535,50499,1105,2091,192,0,21
16882,3578,852,408,9,3,0
8637,3986,113,69,2,0,1
8637,3986,113,69,2,5,0
121535,50499,1105,2091,192,0,112
6185,3838,152,259,2,0,0
13713,20388,446,1054,71,1,1
9376,8579,8013,143,139,0,137
15998,13280,751,759,41,0,7
121535,50499,1105,2091,192,0,46
25760,511,200,372,10,0,43
7459,2345,151,530,4,1,0
1850,3337,150,244,6,0,0
25760,511,200,372,10,0,30
25760,511,200,372,10,0,18
21899,11570,609,1003,29,1,0
76709,42361,948,2369,52,0,0
11218,38444,804,3530,21,0,0
25760,511,200,372,10,0,21
1309,925,142,213,7,19,1
18956,10912,544,739,13,0,3
272270,53285,15453,7516,440,4,0
25760,511,200,372,10,0,46
4173,13887,1203,1178,4,0,46
34712,6011,3551,746,205,2,0
52636,16900,1374,982,60,0,7
12815,3436,240,391,18,0,1
9469,13326,408,1733,0,0,51
18956,10912,544,739,13,3,1
9060,3580,62883,565,363,7,1
66655,66919,789,585,44,0,1
260353,34675,5167,5601,188,1,0
4766,14179,412,413,10,0,0
20597,66653,1306,1345,41,6,0
16882,3578,852,408,9,11,3
47625,93215,955,3655,10,0,21
3227,5366,149,312,3,0,46
48527,9505,593,768,42,2,1
22386,9796,897,759,60,1,0
724,1462,83,366,0,0,0
3630,5572,107,398,1,0,0
44149,20302,1807,1654,37,0,1
8536,16055,344,907,14,0,0
12062,29788,324,624,1,0,7
44149,20302,1807,1654,37,0,1
33468,77660,953,768,33,0,46
66655,66919,789,585,44,0,21
7459,2345,151,530,4,0,46
12815,3436,240,391,18,0,46
36202,11293,721,162,34,0,1
66655,66919,789,585,44,0,1
45851,27789,893,2786,34,0,0
52636,16900,1374,982,60,1,0
2487,3007,24,159,9,3,0
1850,3337,150,244,6,2,0
718,10064,76,654,2,0,0
21899,11570,609,1003,29,6,1
260353,34675,5167,5601,188,1,0
41917,14079,1117,1771,51,0,1
12072,1143,391,727,20,5,0
87475,6269,420,305,22,0,0
3156,5275,578,914,14,0,0
3630,5572,107,398,1,1,0
33468,77660,953,768,33,0,13
6292,20229,916,1023,42,0,0
59763,19529,9234,8065,54,0,46
9060,3580,62883,565,363,3,0
6202,3198,370,721,38,0,46
51879,12296,270,1151,28,0,1
231339,17177,4947,3834,389,2,1
16882,3578,852,408,9,8,0
45326,37179,3560,5001,115,0,46
13411,39566,5053,5062,36,4,1
12667,268231,601,155,24,0,1
33468,77660,953,768,33,2,0
161036,7039,4693,674,86,0,46
30355,71604,440,970,52,3,1
20680,61867,417,1179,21,0,1
34712,6011,3551,746,205,1,0
14737,2140,369,257,7,0,0
48311,10008,627,798,52,0,46
35565,7295,1312,589,83,2,1
28316,6303,194,468,24,1,0
76709,42361,948,2369,52,0,0
35757,55651,621,971,18,0,46
131445,100710,1580,547,50,2,0
4306,1098,54,452,2,1,0
4587,1856,47,209,1,1,0
30355,71604,440,970,52,1,0
161036,7039,4693,674,86,1,0
3378,2277,206,679,29,1,0
718,10064,76,654,2,3,0
1315,2387,96,123,3,0,46
61218,25,2214,1800,105,1,0
45326,37179,3560,5001,115,1,0
16882,3578,852,408,9,3,0
88,260,17,79,0,2,0
5449,2748,1430,744,28,1,0
17436,5011,6173,6510,147,0,46
6596,10406,137,166,10,6,1
1976,1009,119,156,8,0,0
33468,77660,953,768,33,0,18
8637,3986,113,69,2,0,46
555,306,64,92,3,2,0
75351,52785,1247,4946,26,0,13
51879,12296,270,1151,28,2,0
27679,13979,790,1096,35,0,46
41917,14079,1117,1771,51,2,0
15766,5047,169,181,3,0,30
52889,42,701,568,202,0,0
7080,1593,180,146,2,0,0
6292,20229,916,1023,42,0,46
2637,1473,58,157,2,1,0
45326,37179,3560,5001,115,0,1
75351,52785,1247,4946,26,0,46
16882,3578,852,408,9,4,0
23903,33319,205,666,17,0,46
73350,124142,1984,3026,81,4,0
7775,8650,3989,348,198,8,1
18956,10912,544,739,13,0,46
35565,7295,1312,589,83,0,1
66655,66919,789,585,44,0,1
4868,4742,14209,736,407,0,13
20182,15442,375,115,9,0,0
10323,36127,658,686,21,5,1
76709,42361,948,2369,52,3,0
9060,3580,62883,565,363,205,46
272270,53285,15453,7516,440,4,0
14737,2140,369,257,7,6,0
4468,4313,524,787,9,0,1
724,1462,83,366,0,0,7
5605,2604,68,127,5,1,0
41584,29465,900,593,36,4,1
1645,3218,98,219,5,2,0
35757,55651,621,971,18,0,1
79950,103268,856,4154,20,2,0
29111,32401,3152,3457,85,2,0
18956,10912,544,739,13,0,2
260353,34675,5167,5601,188,1,0
8637,3986,113,69,2,20,7
34712,6011,3551,746,205,4,0
9186,27643,123,1123,10,3,0
10323,36127,658,686,21,7,0
6304,4566,177,469,4,2,1
76709,42361,948,2369,52,3,0
14737,2140,369,257,7,0,0
7459,2345,151,530,4,0,0
52636,16900,1374,982,60,13,2
4306,1098,54,452,2,1,0
17436,5011,6173,6510,147,0,21
260014,105022,4065,1442,107,3,0
462,1087,27,122,0,0,21
4587,1856,47,209,1,0,0
12072,1143,391,727,20,2,0
13713,20388,446,1054,71,2,0
16882,3578,852,408,9,2,0
66655,66919,789,585,44,0,0
5605,2604,68,127,5,1,0
23903,33319,205,666,17,0,0
76709,42361,948,2369,52,0,0
6596,10406,137,166,10,1,0
21899,11570,609,1003,29,1,1
260353,34675,5167,5601,188,3,0
173,2594,10,170,0,2,0
239826,5750,11760,199,409,3,0
1850,3337,150,244,6,3,0
34712,6011,3551,746,205,2,0
41917,14079,1117,1771,51,0,0
4504,933,274,1073,2,0,1
27679,13979,790,1096,35,0,1
8637,3986,113,69,2,0,0
22386,9796,897,759,60,2,0
18956,10912,544,739,13,0,1
272270,53285,15453,7516,440,3,0
29111,32401,3152,3457,85,1,0
7459,2345,151,530,4,1,0
3978,1500,136,157,9,2,0
1517,7601,487,767,1,0,30
10323,36127,658,686,21,2,0
9060,3580,62883,565,363,1,1
45851,27789,893,2786,34,0,0
14737,2140,369,257,7,1,0
4766,14179,412,413,10,0,0
3227,5366,149,312,3,2,1
34712,6011,3551,746,205,2,0
73350,124142,1984,3026,81,1,0
41917,14080,1117,1771,51,1,0
9183,9379,288,129,16,0,0
4194,1306,1649,2479,37,0,0
76709,42361,948,2369,52,0,0
16882,3578,852,408,9,4,0
38562,1104,544,385,8,0,0
13713,20388,446,1054,71,1,0
9060,3580,62883,565,363,0,0
260353,34675,5167,5601,188,2,0
990,2164,115,302,6,0,93
14737,2140,369,257,7,3,1
3630,5572,107,398,1,0,0
45714,5150,704,1520,28,0,71
35757,55651,621,971,18,0,1
7459,2345,151,530,4,4,0
724,1462,83,366,0,1,0
35757,55651,621,971,18,0,1
16882,3578,852,408,9,3,0
34712,6011,3551,746,205,4,0
27912,24748,164,128,27,1,0
76709,42361,948,2369,52,1,0
41584,29465,900,593,36,0,1
462,1087,27,122,0,0,43
199811,103801,5137,4688,1045,0,43
272270,53285,15453,7516,440,1,1
41584,29465,900,593,36,1,0
12072,1143,391,727,20,1,1
30355,71604,440,970,52,1,0
2301,16,21,55,0,0,0
260353,34675,5167,5601,188,1,0
36202,11293,721,162,34,0,13
23903,33319,205,666,17,0,21
52889,42,701,568,202,1,0
30979,17981,849,487,23,0,0
9186,27643,123,1123,10,0,21
1850,3337,150,244,6,1,0
9497,2231,545,533,31,1,0
10669,8825,644,536,1,1,0
66655,66919,789,585,44,3,0
5527,26393,428,439,2,0,137
4099,5623,113,429,1,1,0
41917,14080,1117,1771,51,0,21
91143,16167,36597,4039,1057,11,0
98418,94338,842,1287,58,0,0
5940,8620,753,1994,9,0,0
161036,7039,4693,674,86,2,0
4628,12852,504,1182,18,2,1
4306,1098,54,452,2,1,0
35757,55651,621,971,18,2,0
35565,7295,1312,589,83,0,1
45326,37179,3560,5001,115,2,0
52636,16900,1374,982,60,6,0
16882,3578,852,408,9,0,0
6596,10406,137,166,10,0,0
19949,21550,718,767,76,3,0
63,150,3,23,0,1,0
45714,5150,704,1520,28,1,0
45326,37179,3560,5001,115,0,1
27679,13979,790,1096,35,0,21
991,1945,203,143,0,4,0
5605,2604,68,127,5,1,0
9060,3580,62883,565,363,133,21
23903,33319,205,666,17,0,0
12072,1143,391,727,20,0,18
27679,13979,790,1096,35,0,1
41584,29465,900,593,36,1,0
1976,1009,119,156,8,1,0
4587,1856,47,209,1,0,0
8637,3986,113,69,2,2,0
1645,3218,98,219,5,0,0
3227,5366,149,312,3,1,1
21899,11570,609,1003,29,1,0
260353,34675,5167,5601,188,2,0
19949,21550,718,767,76,1,0
9060,3580,62883,565,363,1,0
34436,912,288,319,15,0,0
45326,37179,3560,5001,115,1,0
5449,2748,1430,744,28,0,0
41917,14080,1117,1771,51,0,0
31232,90,205,256,11,1,0
10323,36127,658,686,21,0,0
4766,14179,412,413,10,0,0
7775,8650,3989,348,198,120,13
7775,8650,3989,348,198,13,0
4306,1098,54,452,2,3,1
22789,18184,737,310,18,1,0
389,816,47,269,1,0,0
7459,2345,151,530,4,0,0
30355,71604,440,970,52,0,0
4844,164,361,872,7,0,0
11250,10479,464,534,18,0,0
59115,2436,1909,1578,72,0,1
14737,2140,369,257,7,1,0
147277,824,1243,1906,117,0,0
239826,5750,11760,199,409,4,0
2041,2460,94,345,6,0,0
41917,14080,1117,1771,51,1,0
4587,1856,47,209,1,0,0
20182,15442,375,115,9,1,0
29111,32401,3152,3457,85,0,0
20182,15442,375,115,9,0,0
1094,4764,334,106,5,0,1
10183,45886,404,820,9,0,0
131445,100710,1580,547,50,0,30
9060,3580,62883,565,363,4,0
76709,42361,948,2369,52,1,0
260353,34675,5167,5601,188,2,0
24325,6339,4972,506,51,0,0
539,25,94,72,1,0,0
1645,3218,98,219,5,0,0
30355,71604,440,970,52,0,0
73350,124142,1984,3026,81,1,0
272270,53285,15453,7516,440,0,0
2301,16,21,55,0,0,0
12072,1143,391,727,20,0,2
9774,1185,112,719,1,1,1
41917,14080,1117,1771,51,0,0
76709,42361,948,2369,52,0,0
12815,3436,240,391,18,1,0
41584,29465,900,593,36,1,1
16882,3578,852,408,9,0,0
36202,11293,721,162,34,0,0
119135,165182,3453,2657,49,0,5
34712,6011,3551,746,205,1,1
35565,7295,1312,589,83,0,0
66655,66919,789,585,44,0,0
1517,7601,487,767,1,0,1
79950,103268,856,4154,20,2,0
260353,34675,5167,5601,188,3,1
1264,1503,69,412,4,0,0
2511,7772,343,410,2,0,18
12866,6003,209,552,14,1,0
7459,2345,151,530,4,0,0
7087,10173,536,713,1,0,30
255284,69337,2411,3133,110,1,0
33468,77660,953,768,33,3,0
1850,3337,150,244,6,2,0
17436,5011,6173,6510,147,0,18
92456,5256,792,314,77,1,0
21899,11570,609,1003,29,3,0
16882,3578,852,408,9,2,0
52636,16900,1374,982,60,5,0
272270,53285,15453,7516,440,1,0
14737,2140,369,257,7,2,0
4306,1098,54,452,2,1,0
15998,13280,751,759,41,2,0
4587,1856,47,209,1,2,0
290,1433,9,35,0,1,0
5808,12652,325,572,22,0,43
18956,10912,544,739,13,8,0
991,1945,203,143,0,2,0
389,816,47,269,1,1,0
41917,14080,1117,1771,51,0,18
23903,33319,205,666,17,0,18
147277,824,1243,1906,117,0,0
8536,16055,344,907,14,0,0
36202,11293,721,162,34,0,18
26054,77411,718,3621,33,0,0
27679,13979,790,1096,35,0,18
9060,3580,62883,565,363,3,0
41584,29465,900,593,36,0,0
1264,1503,69,412,4,0,0
2487,3007,24,159,9,0,0
36202,11293,721,162,34,0,0
29111,32401,3152,3457,85,0,0
22895,11795,62,341,7,0,0
12072,1143,391,727,20,3,1
31232,90,205,256,11,0,0
18139,30872,395,290,21,2,0
2596,2574,905,799,5,3,1
2301,16,21,55,0,0,0
2018,6545,977,576,3,1,0
1645,3218,98,219,5,0,0
4766,14179,412,413,10,1,0
19949,21550,718,767,76,1,0
9060,3580,62883,565,363,102,18
724,1462,83,366,0,1,0
1976,1009,119,156,8,0,0
8637,3986,113,69,2,2,0
18956,10912,544,739,13,8,0
76709,42361,948,2369,52,1,0
131445,100710,1580,547,50,0,2
389,816,47,269,1,2,0
131445,100710,1580,547,50,0,1
6692,41234,49,244,6,2,0
19949,21550,718,767,76,2,0
3662,19355,469,1444,15,0,14
2018,6545,977,576,3,1,0
16882,3578,852,408,9,9,0
98418,94338,842,1287,58,0,30
260014,105022,4065,1442,107,0,13
10323,36127,658,686,21,0,13
4587,1856,47,209,1,1,0
22085,6409,853,1815,10,1,0
1315,2387,96,123,3,3,0
41917,14080,1117,1771,51,1,0
45326,37179,3560,5001,115,0,1
52636,16900,1374,982,60,6,0
3662,19355,469,1444,15,0,1
7459,2345,151,530,4,1,0
88,260,17,79,0,3,1
9060,3580,62883,565,363,1,0
6304,4566,177,469,4,0,0
15998,13280,751,759,41,1,0
8637,3986,113,69,2,4,2
1904,1540,926,976,23,1,0
9774,1185,112,719,1,0,0
66655,66919,789,585,44,0,0
52889,42,701,568,202,1,0
4306,1098,54,452,2,3,1
1100,1357,12,6,0,0,0
4526,25735,109,226,8,0,30
161036,7039,4693,674,86,0,0
6596,10406,137,166,10,0,0
11250,10479,464,534,18,1,0
36202,11293,721,162,34,0,13
1850,3337,150,244,6,1,0
2238,11247,170,256,2,0,4
98418,94338,842,1287,58,0,0
12667,268231,601,155,24,1,0
4526,25735,109,226,8,0,0
73350,124142,1984,3026,81,0,0
8996,12918,385,226,0,0,43
3227,5366,149,312,3,0,137
41584,29465,900,593,36,1,1
5605,2604,68,127,5,0,30
1094,4764,334,106,5,5,1
41917,14080,1117,1771,51,0,0
3227,5366,149,312,3,0,23
147277,824,1243,1906,117,0,0
1645,3218,98,219,5,2,0
1820,7342,104,332,1,0,30
18956,10912,544,739,13,4,1
13690,8013,133,666,7,1,0
272270,53285,15453,7516,440,0,0
4628,12852,504,1182,18,0,0
31232,90,205,256,11,0,0
260014,105022,4065,1442,107,2,0
260353,34675,5167,5601,188,1,0
6692,41234,49,244,6,0,0
22386,9796,897,759,60,0,0
33468,77660,953,768,33,4,0
3227,5366,149,312,3,0,12
437,337,17,128,0,1,0
36202,11293,721,162,34,1,0
45326,37179,3560,5001,115,2,0
131445,100710,1580,547,50,0,43
7459,2345,151,530,4,1,0
19949,21550,718,767,76,3,0
34712,6011,3551,746,205,4,1
12187,127718,1210,1356,27,5,0
1820,7342,104,332,1,0,0
8996,12918,385,226,0,0,30
17436,5011,6173,6510,147,0,30
7775,8650,3989,348,198,56,13
7775,8650,3989,348,198,9,1
16882,3578,852,408,9,3,0
26054,77411,718,3621,33,0,0
21899,11570,609,1003,29,0,2
173,2594,10,170,0,1,0
10323,36127,658,686,21,2,0
8637,3986,113,69,2,2,0
9060,3580,62883,565,363,3,0
15998,13280,751,759,41,2,0
52636,16900,1374,982,60,5,0
76709,42361,948,2369,52,1,0
21899,11570,609,1003,29,0,1
4504,933,274,1073,2,0,43
389,816,47,269,1,1,0
1976,1009,119,156,8,0,0
18956,10912,544,739,13,1,0
583026,487433,1862,304,248,0,30
186,132,22,80,0,0,0
12072,1143,391,727,20,0,0
8768,51,280,1969,2,0,0
16710,2864,402,788,33,0,12
45326,37179,3560,5001,115,0,2
583026,487433,1862,304,248,0,12
2018,6545,977,576,3,0,0
36202,11293,721,162,34,0,30
872,1957,57,200,0,0,4
10323,36127,658,686,21,1,0
7142,10146,205,996,1,0,30
272270,53285,15453,7516,440,0,0
4587,1856,47,209,1,1,0
17436,5011,6173,6510,147,0,12
7459,2345,151,530,4,0,0
27679,13979,790,1096,35,0,30
21899,11570,609,1003,29,2,0
29111,32401,3152,3457,85,0,0
724,1462,83,366,0,1,0
1517,7601,487,767,1,0,5
1315,2387,96,123,3,3,0
1943,4171,176,668,4,0,0
22789,18184,737,310,18,2,0
45714,5150,704,1520,28,0,0
1850,3337,150,244,6,1,0
41917,14080,1117,1771,51,0,1
61218,25,2214,1800,105,0,0
9060,3580,62883,565,363,113,30
8637,3986,113,69,2,1,0
23903,33319,205,666,17,0,0
89959,411258,3573,2501,277,0,12
45326,37179,3560,5001,115,2,1
260353,34675,5167,5601,188,2,2
2511,7772,343,410,2,0,5
14737,2140,369,257,7,0,0
4587,1856,47,209,1,0,0
34712,6011,3551,746,205,1,0
991,1945,203,143,0,0,0
2238,11247,170,256,2,0,4
4194,1306,1649,2479,37,0,0
4766,14179,412,413,10,0,0
7459,2345,151,530,4,2,0
968,1542,60,364,1,2,0
5449,2748,1430,744,28,1,0
27679,13979,790,1096,35,0,1
41584,29465,900,593,36,0,0
583026,487433,1862,304,248,0,43
30355,71604,440,970,52,1,1
9060,3580,62883,565,363,0,12
15998,13280,751,759,41,0,0
52636,16900,1374,982,60,3,0
73350,124142,1984,3026,81,1,1
724,1462,83,366,0,1,0
2511,7772,343,410,2,0,3
3227,5366,149,312,3,2,1
66655,66919,789,585,44,2,0
18310,47164,194,448,9,0,43
34712,6011,3551,746,205,2,0
13211,3551,5421,458,77,1,0
2487,3007,24,159,9,1,0
2511,7772,343,410,2,0,1
161036,7039,4693,674,86,1,0
1100,1357,12,6,0,1,0
537,4132,103,197,0,0,71
48527,9505,593,768,42,2,0
6304,4566,177,469,4,1,0
2511,7772,343,410,2,0,4
1976,1009,119,156,8,1,0
2511,7772,343,410,2,0,3
2511,7772,343,410,2,0,12
2511,7772,343,410,2,0,4
28632,5099,521,390,30,0,43
1645,3218,98,219,5,2,0
14737,2140,369,257,7,5,0
872,1957,57,200,0,0,4
51879,12296,270,1151,28,2,0
16197,3862,888,900,23,2,0
872,1957,57,200,0,0,3
17565,2269,530,531,13,1,0
31232,90,205,256,11,2,0
29240,232,464,219,10,0,1
9186,27643,123,1123,10,2,0
872,1957,57,200,0,0,4
9060,3580,62883,565,363,2,0
272270,53285,15453,7516,440,3,0
76709,42361,948,2369,52,1,0
41917,14080,1117,1771,51,3,0
1517,7601,487,767,1,0,4
4587,1856,47,209,1,1,0
184621,967,945,556,42,1,0
8637,3986,113,69,2,1,0
29240,232,464,219,10,0,1
260353,34675,5167,5601,188,2,0
872,1957,57,200,0,0,3
872,1957,57,200,0,0,2
79950,103268,856,4154,20,1,0
1850,3337,150,244,6,1,0
41584,29465,900,593,36,0,1
15998,13280,751,759,41,0,1
4306,1098,54,452,2,1,0
1370,423,507,1248,4,10,1
290,1433,9,35,0,0,5
906,28,7,20,2,0,0
36202,11293,721,162,34,0,12
9469,13326,408,1733,0,0,4
21899,11570,609,1003,29,4,0
239826,5750,11760,199,409,0,0
79950,103268,856,4154,20,1,0
18956,10912,544,739,13,0,1
76709,42361,948,2369,52,0,0
23903,33319,205,666,17,0,12
27679,13979,790,1096,35,0,12
3998,12392,195,839,7,0,112
260353,34675,5167,5601,188,2,0
4844,164,361,872,7,1,1
4419,2113,5058,1162,86,141,12
231339,17177,4947,3834,389,1,0
4587,1856,47,209,1,6,0
272270,53285,15453,7516,440,1,0
1517,7601,487,767,1,0,3
1315,2387,96,123,3,7,4
16882,3578,852,408,9,38,3
1517,7601,487,767,1,0,4
10323,36127,658,686,21,2,0
1517,7601,487,767,1,0,3
1517,7601,487,767,1,0,3
23381,6665,171,1070,13,1,0
991,1945,203,143,0,0,0
1850,3337,150,244,6,1,0
9060,3580,62883,565,363,11,5
1645,3218,98,219,5,0,0
76709,42361,948,2369,52,0,0
41917,14080,1117,1771,51,0,0
1264,1503,69,412,4,0,0
29111,32401,3152,3457,85,0,0
5312,12981,879,1750,30,0,43
36202,11293,721,162,34,0,1
1978,584,114,328,1,0,0
260014,105022,4065,1442,107,2,0
193298,12629,1345,2027,37,0,43
4628,12852,504,1182,18,0,0
41917,14080,1117,1771,51,0,43
14737,2140,369,257,7,2,0
76709,42361,948,2369,52,0,0
1850,3337,150,244,6,2,0
389,816,47,269,1,4,1
161036,7039,4693,674,86,0,0
4940,12000,278,1402,7,0,0
51758,54454,8420,7034,423,0,3
11250,10479,464,534,18,0,0
18139,30872,395,290,21,1,0
4306,1098,54,452,2,0,0
12815,3436,240,391,18,0,0
260353,34675,5167,5601,188,1,0
8637,3986,113,69,2,2,0
7775,8650,3989,348,198,9,1
23903,33319,205,666,17,0,43
6304,4566,177,469,4,2,0
16882,3578,852,408,9,13,3
2511,7772,343,410,2,0,43
147277,824,1243,1906,117,0,0
